station_id,station_name,latitude,longitude,altitude,site_code,provider,organization,status,protocol,transmission_status
e3e9dc23-9ac4-420d-9306-59536b4e876a,"Meteorological Institute of Technology, Katsina.",7.3806,12.5707,,KAT-MITK,WAGTECH,NiMet,inactive,FTP,inactive
c03bc8ec-cd46-440c-b06f-adb237570fd0,"Plateau State University, Bokkos.",8.5724,9.221,1391,JS-PSUB,WAGTECH,NiMet,inactive,FTP,inactive
842f9cfd-3a85-46d4-93ee-a111de411e21,Bauchi Rainfall Station.,9.4957,10.1926,609,BAU-DNBA,WAGTECH,NiMet,inactive,FTP,inactive
ae72b94b-a2e0-498d-af90-3f707c70d1c6,"Gombe State University of Science and Technology, Kumo.",11.1214,10.0139,,GME-DNGO,WAGTECH,NiMet,inactive,FTP,inactive
51c0772d-2983-40c8-bc4c-a87ae7a227e5,"Madibo Adama University of Technology, Yola",12.3004,9.2045,,YL-DNYO,WAGTECH,NiMet,inactive,FTP,inactive
be404b0b-e88b-4b2c-a8bb-27342b511d38,"Jalingo Airport Station, Taraba State.",11.172,8.5358,242,DAJA,WAGTECH,NiMet,inactive,FTP,inactive
491db3d0-6441-4255-89ae-0feddf91dea4,"Adamawa State University, Mubi.",13.1642,10.1644,587,MB-DNMB,WAGTECH,NiMet,inactive,FTP,inactive
2a4892d2-abf3-4b42-b30b-5954dbacb786,Lokoja Synoptic Station,6.4418,7.4731,,LOK-LSSK,WAGTECH,NiMet,inactive,FTP,inactive
73cc0f43-258a-44b1-a876-e6e10bfa1252,"Oke-Ata Synoptic Station, Abeokuta",3.1656,7.0811,74,ABK-ASSO,WAGTECH,NiMet,inactive,FTP,inactive
81a7ead7-14dd-4526-80a7-8ffe8db6bbfa,Iseyin Synoptic Station,3.3424,7.5959,396,ISY-ISSO,WAGTECH,NiMet,inactive,FTP,inactive
b0856a34-e60b-4c45-bae2-6f9e1f9cf8d1,Saki Synoptic Station,3.2415,8.3919,269,SKI-SSSO,WAGTECH,NiMet,inactive,FTP,inactive
5c9b5ddd-fca1-491b-99b4-bba609db0f64,Oshogbo Aerodrum,4.2851,7.4614,,OSO-,WAGTECH,NiMet,inactive,FTP,inactive
3210d436-c104-4027-bc2e-687f67eadc37,Usi-Ekiti Agromet Station,5.1035,7.5331,,,WAGTECH,NiMet,inactive,FTP,inactive
6f1b54f2-f534-4875-8137-21e1ebe22fd7,Ilorin International Airport,4.2951,8.261,343,ILR-ILAP,WAGTECH,NiMet,inactive,FTP,inactive
04a7ae6e-1fab-4e3c-8d48-9ea504de8d1b,Bida Airstrip Station,6.011,9.0623,,BID-BASN,WAGTECH,NiMet,inactive,FTP,inactive
de881f8d-e257-465b-ba34-2f368fb3dec3,"NiMet Synoptic Station, Gombe",11.1149,10.1702,,GOM-NSSG,WAGTECH,NiMet,inactive,FTP,inactive
0828f232-a86b-43dc-8fd0-31b7f8dcc594,"Nimet Synoptic Station, Gusau.",6.401,12.1051,,GUS-NSSG,WAGTECH,NiMet,inactive,FTP,inactive
b2d03525-0d1e-462d-b80a-f23df05f8f05,"NiMet Synoptic Station, Makurdi, Benue State.",8.3721,7.4236,,MAK-MSSB,WAGTECH,NiMet,inactive,FTP,inactive
05d74d95-643e-4e19-8574-7a4c37329ac1,"Lafiya Synoptic Station, COAST Lafia, Nasarawa State.",8.3317,8.3251,182,COA-LAFIA,WAGTECH,NiMet,active,FTP,active
de264a38-084c-4232-8c3a-2cbcf76f0079,"Maiduguri Airport Station, Borno State.",13.051,11.5116,,MAI-MASB,WAGTECH,NiMet,inactive,FTP,inactive
061afdfb-d360-42af-ae86-17de2c138314,"Abakaliki Synoptic Station, Ebonyi State.",8.0642,6.1925,,ABA-ASSE,WAGTECH,NiMet,inactive,FTP,inactive
d7c95367-197f-49cd-8445-22e5021d719d,"Ikom Synotpic Station, Cross River State.",8.4427,5.5819,,CAL-IKMS,WAGTECH,NiMet,inactive,FTP,inactive
55508d5c-c9c6-4621-8c2c-9d9dc38871f0,"Uyo Synotpic Station, Akwa Ibom State.",7.56,5.0145,,UYY-UYOSY,WAGTECH,NiMet,inactive,FTP,inactive
d6cb0da5-b991-4be2-9fe6-fc72675b0a3d,Abuja Airport Meteo Station.,7.1605,9.0028,,ABJ-AAMF,WAGTECH,NiMet,inactive,FTP,inactive
67615bff-78aa-4af6-bce2-ef575ee1ae48,Katsina Airport Station.,7.3938,13.0013,,KAT-KASK,WAGTECH,NiMet,inactive,FTP,inactive
1a3048ab-c761-45b3-8cfa-d5c11ae8a8d6,Ikeja Airport Meteo Station.,6.3504,3.2005,39.4,IKJ-AIRPORT,WAGTECH,NiMet,active,FTP,active
96aba914-a4cb-4dab-b956-984420916cce,"Kaduna State University, Kaduna.",7.2707,10.3055,,KAD-KSUK,WAGTECH,NiMet,inactive,FTP,inactive
1692f2c0-f815-471f-9474-f15c696c26e3,"Sokoto State University, Sokoto.",5.1131,12.5636,,SOK-SSUK,WAGTECH,NiMet,inactive,FTP,inactive
9f8c3757-1ff0-4881-8064-6c5ac6588f1e,"Sa'adatu Rimi College of Education, Kumbotso, Kano State.",8.3311,11.5518,,KUM-SRCK,WAGTECH,NiMet,inactive,FTP,inactive
632952ba-605f-46eb-bc67-0ced86d88a1a,"Federal University Dutse, Jigawa State.",9.2204,11.422,,DUT-FUDJ,WAGTECH,NiMet,inactive,FTP,inactive
e11c30f1-d7fe-4ed6-a977-d7e3f3eecaeb,"Nigerian Airforce Base, port Harcourt, Rivers State.",7.0107,4.5051,,PHC-DNPO,WAGTECH,NiMet,inactive,FTP,inactive
5027d2dc-c983-4571-85b8-0e12440dea03,"MCN International College, Amuda Isuochi, Abia State.",7.2809,5.5908,,ISC-MCNIC,WAGTECH,NiMet,inactive,FTP,inactive
17220d6c-699a-431d-b1b4-833872bfcdcf,"Godfrey Okoye University, Ugwuomu Campus, Enugu State.",7.3535,6.2912,,OGW-GOUU,WAGTECH,NiMet,inactive,FTP,inactive
2b3dc89c-5834-46b5-8391-028b8203d3fd,"Fr. Joseph Memorial High School, Aguleri, Anambra State.",6.525,6.1939,,AGU-FJMS,WAGTECH,NiMet,inactive,FTP,inactive
9ec92a29-2a25-4e22-a4b8-eaf42fb86079,"Nnamdi Azikiwe Secondary School, Abagana, Anambra State.",6.5712,6.1045,,ABA-NASS,WAGTECH,NiMet,inactive,FTP,inactive
ef5305a7-22ee-4c75-9b8c-a00268faa93b,"University of Abuja, Gwagwalada Campus, FCT.",7.1045,8.5845,,ABJ-UASF,WAGTECH,NiMet,inactive,FTP,inactive
ae803374-f5d6-407c-93e8-b8448e8b7d9a,Dikko College Katsina.,7.3613,13.0008,,KAT-DKCK,WAGTECH,NiMet,inactive,FTP,inactive
d1d93971-91f7-41a2-a1be-fff1ad1f9cd9,"Federal University Dutsinma, Katsina State.",7.2917,12.2819,,DUM-FUDK,WAGTECH,NiMet,inactive,FTP,inactive
ba7f38ef-8d94-4fc3-a3fa-40eba81ec8d2,"Delta State University, Abraka.",6.0612,5.4716,,DEL-DSUA,WAGTECH,NiMet,inactive,FTP,inactive
0532efa3-1cf0-41f5-96f9-f7550ee1b200,"NiMet Enclosure, Abuja Hqtrs",9.0029,7.1632,375,ABJ-HQ,WAGTECH,NiMet,active,FTP,active
496af94c-3cf8-4a8c-840e-dabe7c4daff3,"Sule Lamido University Kafin Hausa, Jigawa State",12.1346,9.5353,385,KHS-SLU,WAGTECH,NiMet,active,FTP,inactive
3273dd8f-3d8e-4509-8d88-f074545128af,"Amugo Akpugo, Nkanu West, Enugu State",6.2017,7.3447,180,AGN-AMUGO,WAGTECH,NiMet,active,FTP,inactive
c86db3b8-c535-4eb6-827a-8ec508b079dc,"NiMet Enclosure, Asaba International Airport, Delta State",6.12,6.426,6.4,AIRPORT-ASB,WAGTECH,NiMet,active,FTP,inactive
4a2ed51f-865a-4efa-8b0b-98f7de8f3263,"Nnamdi Azikiwe University Awka, Anambra State.",6.1502,7.0655,63,AWK-NAU,WAGTECH,NiMet,active,FTP,active
638e1b65-18a1-4b20-aa52-5415338eb5a4,"Imo State University, Imo State",5.3025,7.0236,131,IMO-IMSU,WAGTECH,NiMet,active,FTP,active
26dae468-6074-49bc-9262-205cd26bf954,"Obasanjo Farm Ota, Ogun State",6.4017,3.1249,84,OTAFARM-OGUN,WAGTECH,NiMet,active,FTP,active
7dc9914d-eb0a-4ccb-b132-af90f58b1bac,"Ikaramu-Akoko, Ondo State",7.3643,5.5143,443,IKRM-AKOKO,WAGTECH,NiMet,active,FTP,active
c78f25b8-4b91-4221-9753-caf581ff868a,"Ochon-Obubra, Cross River State",5.5623,8.2626,76,BRA-OCHON,WAGTECH,NiMet,active,FTP,active